2025-08-26 13:30:28,‚è≥ Pending videos: 28 | Next post at 15:00 (89 mins)
2025-08-26 13:30:41,‚è≥ Waiting until 15:00 to unfollow batch | Remaining: 89 mins
2025-08-26 13:31:28,‚è≥ Pending videos: 28 | Next post at 15:00 (88 mins)
2025-08-26 13:32:28,‚è≥ Pending videos: 28 | Next post at 15:00 (87 mins)
2025-08-26 13:33:28,‚è≥ Pending videos: 28 | Next post at 15:00 (86 mins)
2025-08-26 13:34:28,‚è≥ Pending videos: 28 | Next post at 15:00 (85 mins)
2025-08-26 13:35:28,‚è≥ Pending videos: 28 | Next post at 15:00 (84 mins)
2025-08-26 13:36:28,‚è≥ Pending videos: 28 | Next post at 15:00 (83 mins)
2025-08-26 13:37:28,‚è≥ Pending videos: 28 | Next post at 15:00 (82 mins)
2025-08-26 13:38:28,‚è≥ Pending videos: 28 | Next post at 15:00 (81 mins)
2025-08-26 13:39:28,‚è≥ Pending videos: 28 | Next post at 15:00 (80 mins)
2025-08-26 13:40:28,‚è≥ Pending videos: 28 | Next post at 15:00 (79 mins)
2025-08-26 13:41:28,‚è≥ Pending videos: 28 | Next post at 15:00 (78 mins)
2025-08-26 13:42:28,‚è≥ Pending videos: 28 | Next post at 15:00 (77 mins)
2025-08-26 13:43:28,‚è≥ Pending videos: 28 | Next post at 15:00 (76 mins)
2025-08-26 13:44:28,‚è≥ Pending videos: 28 | Next post at 15:00 (75 mins)
2025-08-26 13:45:28,‚è≥ Pending videos: 28 | Next post at 15:00 (74 mins)
2025-08-26 13:46:28,‚è≥ Pending videos: 28 | Next post at 15:00 (73 mins)
2025-08-26 13:47:28,‚è≥ Pending videos: 28 | Next post at 15:00 (72 mins)
2025-08-26 13:48:28,‚è≥ Pending videos: 28 | Next post at 15:00 (71 mins)
2025-08-26 13:49:28,‚è≥ Pending videos: 28 | Next post at 15:00 (70 mins)
2025-08-26 13:50:28,‚è≥ Pending videos: 28 | Next post at 15:00 (69 mins)
2025-08-26 13:51:28,‚è≥ Pending videos: 28 | Next post at 15:00 (68 mins)
2025-08-26 13:52:28,‚è≥ Pending videos: 28 | Next post at 15:00 (67 mins)
2025-08-26 13:53:28,‚è≥ Pending videos: 28 | Next post at 15:00 (66 mins)
2025-08-26 13:54:28,‚è≥ Pending videos: 28 | Next post at 15:00 (65 mins)
2025-08-26 13:55:28,‚è≥ Pending videos: 28 | Next post at 15:00 (64 mins)
2025-08-26 13:56:19,üöÄ Flask app starting on port 5555...
2025-08-26 13:56:24,‚è≥ Pending videos: 28 | Next post at 15:00 (63 mins)
2025-08-26 13:56:37,‚è≥ Waiting until 15:00 to unfollow batch | Remaining: 63 mins
2025-08-26 13:57:24,‚è≥ Pending videos: 28 | Next post at 15:00 (62 mins)
2025-08-26 13:57:48,üöÄ Flask app starting on port 5555...
2025-08-26 13:57:53,‚è≥ Pending videos: 28 | Next post at 15:00 (62 mins)
2025-08-26 13:58:07,‚è≥ Waiting until 15:00 to unfollow batch | Remaining: 61 mins
2025-08-26 13:58:53,‚è≥ Pending videos: 28 | Next post at 15:00 (61 mins)
2025-08-26 13:59:53,‚è≥ Pending videos: 28 | Next post at 15:00 (60 mins)
2025-08-26 14:00:02,üöÄ Flask app starting on http://172.20.10.4:5555...
2025-08-26 14:00:07,‚è≥ Pending videos: 28 | Next post at 15:00 (59 mins)
2025-08-26 14:00:21,‚è≥ Waiting until 15:00 to unfollow batch | Remaining: 59 mins
2025-08-26 14:01:07,‚è≥ Pending videos: 28 | Next post at 15:00 (58 mins)
2025-08-26 14:01:15,‚¨áÔ∏è Downloading video...
2025-08-26 14:01:18,‚¨áÔ∏è Downloaded video: gegnosoanna.mp4 from gegnosoanna
2025-08-26 14:01:18,‚úÖ Video downloaded from https://www.instagram.com/reel/DLIG2xfojhs/?igsh=MXBuNnUyejcxaDVkdA==
2025-08-26 14:02:07,‚è≥ Pending videos: 28 | Next post at 15:00 (57 mins)
2025-08-26 14:03:07,‚è≥ Pending videos: 28 | Next post at 15:00 (56 mins)
2025-08-26 14:03:31,üöÄ Flask app starting on http://172.20.10.4:5555...
2025-08-26 14:03:36,‚è≥ Pending videos: 29 | Next post at 15:00 (56 mins)
2025-08-26 14:03:47,‚¨áÔ∏è Downloading video...
2025-08-26 14:03:49,‚è≥ Waiting until 15:00 to unfollow batch | Remaining: 56 mins
2025-08-26 14:03:50,‚¨áÔ∏è Downloaded video: liolla_q.mp4 from liolla_q
2025-08-26 14:03:50,‚úÖ Video downloaded from liolla_q
2025-08-26 14:04:36,‚è≥ Pending videos: 29 | Next post at 15:00 (55 mins)
2025-08-26 14:05:36,‚è≥ Pending videos: 29 | Next post at 15:00 (54 mins)
2025-08-26 14:06:36,‚è≥ Pending videos: 29 | Next post at 15:00 (53 mins)
2025-08-26 14:07:36,‚è≥ Pending videos: 29 | Next post at 15:00 (52 mins)
2025-08-26 14:08:36,‚è≥ Pending videos: 29 | Next post at 15:00 (51 mins)
2025-08-26 14:09:36,‚è≥ Pending videos: 29 | Next post at 15:00 (50 mins)
2025-08-26 14:10:36,‚è≥ Pending videos: 29 | Next post at 15:00 (49 mins)
2025-08-26 14:11:36,‚è≥ Pending videos: 29 | Next post at 15:00 (48 mins)
2025-08-26 14:12:36,‚è≥ Pending videos: 29 | Next post at 15:00 (47 mins)
2025-08-26 14:13:36,‚è≥ Pending videos: 29 | Next post at 15:00 (46 mins)
2025-08-26 14:14:36,‚è≥ Pending videos: 29 | Next post at 15:00 (45 mins)
2025-08-26 14:15:36,‚è≥ Pending videos: 29 | Next post at 15:00 (44 mins)
2025-08-26 14:16:36,‚è≥ Pending videos: 29 | Next post at 15:00 (43 mins)
2025-08-26 14:17:36,‚è≥ Pending videos: 29 | Next post at 15:00 (42 mins)
2025-08-26 14:18:36,‚è≥ Pending videos: 29 | Next post at 15:00 (41 mins)
2025-08-26 14:19:36,‚è≥ Pending videos: 29 | Next post at 15:00 (40 mins)
2025-08-26 14:20:36,‚è≥ Pending videos: 29 | Next post at 15:00 (39 mins)
2025-08-26 14:21:36,‚è≥ Pending videos: 29 | Next post at 15:00 (38 mins)
2025-08-26 14:22:36,‚è≥ Pending videos: 29 | Next post at 15:00 (37 mins)
2025-08-26 14:23:36,‚è≥ Pending videos: 29 | Next post at 15:00 (36 mins)
2025-08-26 14:24:36,‚è≥ Pending videos: 29 | Next post at 15:00 (35 mins)
2025-08-26 14:25:36,‚è≥ Pending videos: 29 | Next post at 15:00 (34 mins)
2025-08-26 14:26:36,‚è≥ Pending videos: 29 | Next post at 15:00 (33 mins)
2025-08-26 14:27:36,‚è≥ Pending videos: 29 | Next post at 15:00 (32 mins)
2025-08-26 14:28:36,‚è≥ Pending videos: 29 | Next post at 15:00 (31 mins)
2025-08-26 14:29:36,‚è≥ Pending videos: 29 | Next post at 15:00 (30 mins)
2025-08-26 14:30:36,‚è≥ Pending videos: 29 | Next post at 15:00 (29 mins)
2025-08-26 14:31:36,‚è≥ Pending videos: 29 | Next post at 15:00 (28 mins)
2025-08-26 14:32:36,‚è≥ Pending videos: 29 | Next post at 15:00 (27 mins)
2025-08-26 14:33:36,‚è≥ Pending videos: 29 | Next post at 15:00 (26 mins)
2025-08-26 14:34:36,‚è≥ Pending videos: 29 | Next post at 15:00 (25 mins)
2025-08-26 14:35:36,‚è≥ Pending videos: 29 | Next post at 15:00 (24 mins)
2025-08-26 14:36:36,‚è≥ Pending videos: 29 | Next post at 15:00 (23 mins)
2025-08-26 14:37:36,‚è≥ Pending videos: 29 | Next post at 15:00 (22 mins)
2025-08-26 14:38:36,‚è≥ Pending videos: 29 | Next post at 15:00 (21 mins)
2025-08-26 14:39:36,‚è≥ Pending videos: 29 | Next post at 15:00 (20 mins)
2025-08-26 14:40:36,‚è≥ Pending videos: 29 | Next post at 15:00 (19 mins)
2025-08-26 14:41:36,‚è≥ Pending videos: 29 | Next post at 15:00 (18 mins)
2025-08-26 14:42:36,‚è≥ Pending videos: 29 | Next post at 15:00 (17 mins)
2025-08-26 14:43:36,‚è≥ Pending videos: 29 | Next post at 15:00 (16 mins)
2025-08-26 14:44:36,‚è≥ Pending videos: 29 | Next post at 15:00 (15 mins)
2025-08-26 14:45:36,‚è≥ Pending videos: 29 | Next post at 15:00 (14 mins)
2025-08-26 14:46:36,‚è≥ Pending videos: 29 | Next post at 15:00 (13 mins)
2025-08-26 14:47:36,‚è≥ Pending videos: 29 | Next post at 15:00 (12 mins)
2025-08-26 14:48:36,‚è≥ Pending videos: 29 | Next post at 15:00 (11 mins)
2025-08-26 14:49:36,‚è≥ Pending videos: 29 | Next post at 15:00 (10 mins)
2025-08-26 14:50:36,‚è≥ Pending videos: 29 | Next post at 15:00 (9 mins)
2025-08-26 14:51:36,‚è≥ Pending videos: 29 | Next post at 15:00 (8 mins)
2025-08-26 14:52:36,‚è≥ Pending videos: 29 | Next post at 15:00 (7 mins)
2025-08-26 14:53:36,‚è≥ Pending videos: 29 | Next post at 15:00 (6 mins)
2025-08-26 14:54:36,‚è≥ Pending videos: 29 | Next post at 15:00 (5 mins)
2025-08-26 14:55:36,‚è≥ Pending videos: 29 | Next post at 15:00 (4 mins)
2025-08-26 14:56:36,‚è≥ Pending videos: 29 | Next post at 15:00 (3 mins)
2025-08-26 14:57:36,‚è≥ Pending videos: 29 | Next post at 15:00 (2 mins)
2025-08-26 14:58:36,‚è≥ Pending videos: 29 | Next post at 15:00 (1 mins)
2025-08-26 14:59:36,‚è≥ Pending videos: 29 | Next post at 15:00 (0 mins)
2025-08-26 15:00:00,‚è≥ Pending videos: 29 | Next post at 15:00 (0 mins)
2025-08-26 15:00:00,"üìù Generated caption for cellow111: Your touch sparks fire under skin.
cr:cellow111
#hot #love #intense"
2025-08-26 15:00:00,ü§ñ Uploading now: cellow111 - 1.mp4
2025-08-26 15:00:12,"‚ùå Failed to post cellow111 - 1.mp4: ConnectionError HTTPSConnectionPool(host='i.instagram.com', port=443): Max retries exceeded with url: /api/v1/launcher/sync/ (Caused by NameResolutionError(""<urllib3.connection.HTTPSConnection object at 0x7bf7e2d49bd0>: Failed to resolve 'i.instagram.com' ([Errno -3] Temporary failure in name resolution)""))"
2025-08-26 15:00:12,"‚ùå Failed to post cellow111 - 1.mp4: ConnectionError HTTPSConnectionPool(host='i.instagram.com', port=443): Max retries exceeded with url: /api/v1/launcher/sync/ (Caused by NameResolutionError(""<urllib3.connection.HTTPSConnection object at 0x7bf7e2d49bd0>: Failed to resolve 'i.instagram.com' ([Errno -3] Temporary failure in name resolution)""))"
2025-08-26 15:00:12,‚è≥ Pending videos: 30 | Next post at 18:00 (179 mins)
2025-08-26 15:00:13,"‚ùå Failed unfollow 8060173384: ConnectionError HTTPSConnectionPool(host='i.instagram.com', port=443): Max retries exceeded with url: /api/v1/friendships/destroy/8060173384/ (Caused by NameResolutionError(""<urllib3.connection.HTTPSConnection object at 0x7bf7e2d4a0d0>: Failed to resolve 'i.instagram.com' ([Errno -3] Temporary failure in name resolution)""))"
2025-08-26 15:00:26,"‚ùå Failed unfollow 39481260673: ConnectionError HTTPSConnectionPool(host='i.instagram.com', port=443): Max retries exceeded with url: /api/v1/friendships/destroy/39481260673/ (Caused by NameResolutionError(""<urllib3.connection.HTTPSConnection object at 0x7bf7e2d4ad50>: Failed to resolve 'i.instagram.com' ([Errno -3] Temporary failure in name resolution)""))"
2025-08-26 15:00:39,"‚ùå Failed unfollow 28588913030: ConnectionError HTTPSConnectionPool(host='i.instagram.com', port=443): Max retries exceeded with url: /api/v1/friendships/destroy/28588913030/ (Caused by NameResolutionError(""<urllib3.connection.HTTPSConnection object at 0x7bf7e2d4b9d0>: Failed to resolve 'i.instagram.com' ([Errno -3] Temporary failure in name resolution)""))"
2025-08-26 15:00:52,"‚ùå Failed unfollow 1416062010: ConnectionError HTTPSConnectionPool(host='i.instagram.com', port=443): Max retries exceeded with url: /api/v1/friendships/destroy/1416062010/ (Caused by NameResolutionError(""<urllib3.connection.HTTPSConnection object at 0x7bf7e4af2ad0>: Failed to resolve 'i.instagram.com' ([Errno -3] Temporary failure in name resolution)""))"
2025-08-26 15:01:05,"‚ùå Failed unfollow 59476819236: ConnectionError HTTPSConnectionPool(host='i.instagram.com', port=443): Max retries exceeded with url: /api/v1/friendships/destroy/59476819236/ (Caused by NameResolutionError(""<urllib3.connection.HTTPSConnection object at 0x7bf7e2d4b390>: Failed to resolve 'i.instagram.com' ([Errno -3] Temporary failure in name resolution)""))"
2025-08-26 15:01:12,‚è≥ Pending videos: 30 | Next post at 18:00 (178 mins)
2025-08-26 15:01:18,"‚ùå Failed unfollow 1714419812: ConnectionError HTTPSConnectionPool(host='i.instagram.com', port=443): Max retries exceeded with url: /api/v1/friendships/destroy/1714419812/ (Caused by NameResolutionError(""<urllib3.connection.HTTPSConnection object at 0x7bf7e2d4a710>: Failed to resolve 'i.instagram.com' ([Errno -3] Temporary failure in name resolution)""))"
2025-08-26 15:01:31,"‚ùå Failed unfollow 29585342313: ConnectionError HTTPSConnectionPool(host='i.instagram.com', port=443): Max retries exceeded with url: /api/v1/friendships/destroy/29585342313/ (Caused by NameResolutionError(""<urllib3.connection.HTTPSConnection object at 0x7bf7e2d48910>: Failed to resolve 'i.instagram.com' ([Errno -3] Temporary failure in name resolution)""))"
2025-08-26 15:01:44,"‚ùå Failed unfollow 56134633530: ConnectionError HTTPSConnectionPool(host='i.instagram.com', port=443): Max retries exceeded with url: /api/v1/friendships/destroy/56134633530/ (Caused by NameResolutionError(""<urllib3.connection.HTTPSConnection object at 0x7bf7e2d48f50>: Failed to resolve 'i.instagram.com' ([Errno -3] Temporary failure in name resolution)""))"
2025-08-26 15:01:57,"‚ùå Failed unfollow 3552029154: ConnectionError HTTPSConnectionPool(host='i.instagram.com', port=443): Max retries exceeded with url: /api/v1/friendships/destroy/3552029154/ (Caused by NameResolutionError(""<urllib3.connection.HTTPSConnection object at 0x7bf7e2b80550>: Failed to resolve 'i.instagram.com' ([Errno -3] Temporary failure in name resolution)""))"
2025-08-26 15:02:10,"‚ùå Failed unfollow 39413296568: ConnectionError HTTPSConnectionPool(host='i.instagram.com', port=443): Max retries exceeded with url: /api/v1/friendships/destroy/39413296568/ (Caused by NameResolutionError(""<urllib3.connection.HTTPSConnection object at 0x7bf7e2b811d0>: Failed to resolve 'i.instagram.com' ([Errno -3] Temporary failure in name resolution)""))"
2025-08-26 15:02:12,‚è≥ Pending videos: 30 | Next post at 18:00 (177 mins)
2025-08-26 15:02:23,"‚ùå Failed unfollow 27893099359: ConnectionError HTTPSConnectionPool(host='i.instagram.com', port=443): Max retries exceeded with url: /api/v1/friendships/destroy/27893099359/ (Caused by NameResolutionError(""<urllib3.connection.HTTPSConnection object at 0x7bf7e2d49d10>: Failed to resolve 'i.instagram.com' ([Errno -3] Temporary failure in name resolution)""))"
2025-08-26 15:02:36,"‚ùå Failed unfollow 218576444: ConnectionError HTTPSConnectionPool(host='i.instagram.com', port=443): Max retries exceeded with url: /api/v1/friendships/destroy/218576444/ (Caused by NameResolutionError(""<urllib3.connection.HTTPSConnection object at 0x7bf7e2d49950>: Failed to resolve 'i.instagram.com' ([Errno -3] Temporary failure in name resolution)""))"
2025-08-26 15:02:49,"‚ùå Failed unfollow 54427487721: ConnectionError HTTPSConnectionPool(host='i.instagram.com', port=443): Max retries exceeded with url: /api/v1/friendships/destroy/54427487721/ (Caused by NameResolutionError(""<urllib3.connection.HTTPSConnection object at 0x7bf7e2d4a850>: Failed to resolve 'i.instagram.com' ([Errno -3] Temporary failure in name resolution)""))"
2025-08-26 15:03:02,"‚ùå Failed unfollow 3492840123: ConnectionError HTTPSConnectionPool(host='i.instagram.com', port=443): Max retries exceeded with url: /api/v1/friendships/destroy/3492840123/ (Caused by NameResolutionError(""<urllib3.connection.HTTPSConnection object at 0x7bf7e2d4b4d0>: Failed to resolve 'i.instagram.com' ([Errno -3] Temporary failure in name resolution)""))"
2025-08-26 15:03:12,‚è≥ Pending videos: 30 | Next post at 18:00 (176 mins)
2025-08-26 15:03:15,"‚ùå Failed unfollow 50002558419: ConnectionError HTTPSConnectionPool(host='i.instagram.com', port=443): Max retries exceeded with url: /api/v1/friendships/destroy/50002558419/ (Caused by NameResolutionError(""<urllib3.connection.HTTPSConnection object at 0x7bf7e2d4bc50>: Failed to resolve 'i.instagram.com' ([Errno -3] Temporary failure in name resolution)""))"
2025-08-26 15:03:15,‚è≥ Waiting until 18:00 to unfollow batch | Remaining: 176 mins
2025-08-26 15:04:12,‚è≥ Pending videos: 30 | Next post at 18:00 (175 mins)
2025-08-26 15:05:12,‚è≥ Pending videos: 30 | Next post at 18:00 (174 mins)
2025-08-26 15:06:12,‚è≥ Pending videos: 30 | Next post at 18:00 (173 mins)
2025-08-26 15:06:26,üöÄ Flask app starting on http://127.0.0.1:5555...
2025-08-26 15:06:31,‚è≥ Pending videos: 30 | Next post at 18:00 (173 mins)
2025-08-26 15:06:46,üöÄ Flask app starting on http://10.8.0.61:5555...
2025-08-26 15:06:51,‚è≥ Pending videos: 30 | Next post at 18:00 (173 mins)
2025-08-26 15:07:19,üöÄ Flask app starting on http://10.8.0.61:5555...
2025-08-26 15:07:24,‚è≥ Pending videos: 30 | Next post at 18:00 (172 mins)
2025-08-26 15:07:42,‚è≥ Waiting until 18:00 to unfollow batch | Remaining: 172 mins
2025-08-26 15:08:23,üöÄ Flask app starting on http://10.8.0.61:5555...
2025-08-26 15:08:28,‚è≥ Pending videos: 30 | Next post at 18:00 (171 mins)
2025-08-26 15:08:59,‚è≥ Waiting until 18:00 to unfollow batch | Remaining: 171 mins
2025-08-26 15:09:11,üöÄ Flask app starting on http://10.8.0.61:5555...
2025-08-26 15:09:16,‚è≥ Pending videos: 30 | Next post at 18:00 (170 mins)
2025-08-26 15:09:31,‚è≥ Waiting until 18:00 to unfollow batch | Remaining: 170 mins
2025-08-26 15:19:16,‚è≥ Pending videos: 30 | Next post at 18:00 (160 mins)
2025-08-26 15:20:23,üöÄ Flask app starting on http://10.8.0.61:5555...
2025-08-26 15:20:28,‚è≥ Pending videos: 30 | Next post at 18:00 (159 mins)
2025-08-26 15:20:46,‚è≥ Waiting until 18:00 to unfollow batch | Remaining: 159 mins
2025-08-26 15:22:08,üöÄ Flask app starting on http://172.20.10.4:5555...
2025-08-26 15:22:13,‚è≥ Pending videos: 30 | Next post at 18:00 (157 mins)
2025-08-26 15:22:26,‚è≥ Waiting until 18:00 to unfollow batch | Remaining: 157 mins
2025-08-26 15:23:37,üöÄ Flask app starting on http://172.20.10.4:5555...
2025-08-26 15:23:42,‚è≥ Pending videos: 30 | Next post at 18:00 (156 mins)
2025-08-26 15:23:53,üöÄ Flask app starting on http://172.20.10.4:5555...
2025-08-26 15:23:58,‚è≥ Pending videos: 30 | Next post at 18:00 (156 mins)
2025-08-26 15:24:11,‚è≥ Waiting until 18:00 to unfollow batch | Remaining: 155 mins
2025-08-26 15:24:15,"üìù Generated caption for faithordway.mp4: Fingers trace where your soul hides.
cr:faithordway.mp4
#passion #love #temptation"
2025-08-26 15:24:15,ü§ñ Uploading now: faithordway.mp4
2025-08-26 15:25:11,‚úÖ Successfully posted faithordway.mp4 to Instagram
2025-08-26 15:25:11,‚úÖ Posted and deleted faithordway.mp4
2025-08-26 15:25:11,‚úÖ Random video uploaded successfully!
2025-08-26 15:33:58,‚è≥ Pending videos: 30 | Next post at 18:00 (146 mins)
2025-08-26 15:43:58,‚è≥ Pending videos: 30 | Next post at 18:00 (136 mins)
2025-08-26 15:53:58,‚è≥ Pending videos: 30 | Next post at 18:00 (126 mins)
2025-08-26 16:03:58,‚è≥ Pending videos: 30 | Next post at 18:00 (116 mins)
2025-08-26 16:29:54,‚è≥ Pending videos: 30 | Next post at 18:00 (106 mins)
2025-08-26 16:30:32,‚è≥ Pending videos: 29 | Next post at 18:00 (89 mins)
2025-08-26 16:32:52,‚ùå No URL provided
2025-08-26 17:49:26,‚è≥ Pending videos: 29 | Next post at 18:00 (10 mins)
2025-08-26 17:50:19,‚¨áÔ∏è Downloading video...
2025-08-26 17:51:03,‚¨áÔ∏è Downloaded video: luckylovvr - 2.mp4 from luckylovvr
2025-08-26 17:51:03,‚úÖ Video downloaded from luckylovvr
2025-08-26 17:51:55,‚è≥ Waiting until 18:00 to unfollow batch | Remaining: 8 mins
2025-08-26 17:59:03,üöÄ Device's local IP192.168.100.19:5555
2025-08-26 17:59:11,‚è≥ Pending videos: 30 | Next post at 18:00 (0 mins)
2025-08-26 17:59:24,‚è≥ Waiting until 18:00 to unfollow batch | Remaining: 0 mins
2025-08-26 18:00:00,‚è≥ Pending videos: 30 | Next post at 18:00 (0 mins)
2025-08-26 18:00:00,"üìù Generated caption for lousyfaerie.mp4: Midnight skin, craving your gentle heat.
cr:lousyfaerie.mp4
#night #intimacy #passion"
2025-08-26 18:00:00,ü§ñ Uploading now: lousyfaerie.mp4
2025-08-26 18:00:02,‚úÖ Unfollowed 27248548168 | Remaining: 616
2025-08-26 18:00:04,‚úÖ Unfollowed 11609800917 | Remaining: 615
2025-08-26 18:00:06,‚úÖ Unfollowed 43565294877 | Remaining: 614
2025-08-26 18:00:08,‚úÖ Unfollowed 41918898464 | Remaining: 613
2025-08-26 18:00:10,‚úÖ Unfollowed 45387269257 | Remaining: 612
2025-08-26 18:00:13,‚úÖ Unfollowed 64437109268 | Remaining: 611
2025-08-26 18:00:15,‚úÖ Unfollowed 69082123331 | Remaining: 610
2025-08-26 18:00:17,‚úÖ Unfollowed 63618940406 | Remaining: 609
2025-08-26 18:00:19,‚úÖ Unfollowed 64765686157 | Remaining: 608
2025-08-26 18:00:21,‚úÖ Unfollowed 8678361623 | Remaining: 607
2025-08-26 18:00:24,‚úÖ Unfollowed 47729877713 | Remaining: 606
2025-08-26 18:00:26,‚úÖ Unfollowed 539857262 | Remaining: 605
2025-08-26 18:00:28,‚úÖ Unfollowed 52086140587 | Remaining: 604
2025-08-26 18:00:30,‚úÖ Unfollowed 5908291345 | Remaining: 603
2025-08-26 18:00:32,‚úÖ Successfully posted lousyfaerie.mp4 to Instagram
2025-08-26 18:00:32,‚úÖ Posted and deleted lousyfaerie.mp4
2025-08-26 18:00:32,‚è≥ Pending videos: 29 | Next post at 21:00 (179 mins)
2025-08-26 18:00:32,‚úÖ Unfollowed 54038246445 | Remaining: 602
2025-08-26 18:00:32,‚è≥ Waiting until 21:00 to unfollow batch | Remaining: 179 mins
2025-08-26 18:49:33,‚è≥ Pending videos: 29 | Next post at 21:00 (130 mins)
2025-08-26 18:49:46,‚è≥ Waiting until 21:00 to start unfollowing | Remaining: 130 mins
2025-08-26 18:59:33,‚è≥ Pending videos: 29 | Next post at 21:00 (120 mins)
2025-08-26 19:09:33,‚è≥ Pending videos: 29 | Next post at 21:00 (110 mins)
2025-08-26 19:11:20,üöÄ Device's local IP10.8.0.61:5555
2025-08-26 19:11:46,‚è≥ Unfollowing at: 21:00 | Remaining: 108 mins
2025-08-26 19:12:14,‚è≥ Pending videos: 29 | Next post at 21:00 (107 mins)
2025-08-26 19:12:29,‚è≥ Unfollowing at: 21:00 | Remaining: 107 mins
2025-08-26 19:16:15,‚è≥ Pending videos: 29 | Next post at 21:00 (103 mins)
2025-08-26 19:16:30,‚è≥ Unfollowing at: 21:00 | Remaining: 103 mins
2025-08-26 19:18:17,üåê Hosting Flask app on http://10.8.0.61:5555
2025-08-26 19:18:22,‚è≥ Pending videos: 29 | Next post at 21:00 (101 mins)
2025-08-26 19:18:37,‚è≥ Unfollowing at: 21:00 | Remaining: 101 mins
2025-08-26 19:19:12,üåê Hosting Flask app on http://10.8.0.61:5555
2025-08-26 19:19:17,‚è≥ Pending videos: 29 | Next post at 21:00 (100 mins)
2025-08-26 19:19:32,‚è≥ Unfollowing at: 21:00 | Remaining: 100 mins
2025-08-26 19:21:28,üåê Hosting Flask app on http://10.8.0.61:5555
2025-08-26 19:21:33,‚è≥ Pending videos: 29 | Next post at 21:00 (98 mins)
2025-08-26 19:21:48,‚è≥ Unfollowing at: 21:00 | Remaining: 98 mins
2025-08-26 19:22:44,üåê Hosting Flask app on http://10.8.0.61:5555
2025-08-26 19:22:49,‚è≥ Pending videos: 29 | Next post at 21:00 (97 mins)
2025-08-26 19:23:04,‚è≥ Unfollowing at: 21:00 | Remaining: 96 mins
2025-08-26 19:24:54,‚¨áÔ∏è Downloading video...
2025-08-26 19:24:59,"‚ùå Failed to download video from https://www.instagram.com/reel/DMsXjLbNHry/?igsh=aWw0MHY5aDAwNnAy: [0;31mERROR:[0m [Instagram] DMsXjLbNHry: Instagram sent an empty media response. Check if this post is accessible in your browser without being logged-in. If it is not, then use --cookies-from-browser or --cookies for the authentication. See  https://github.com/yt-dlp/yt-dlp/wiki/FAQ#how-do-i-pass-cookies-to-yt-dlp  for how to manually pass cookies. Otherwise, if the post is accessible in browser without being logged-in, please report this issue on  https://github.com/yt-dlp/yt-dlp/issues?q= , filling out the appropriate issue template. Confirm you are on the latest version using  yt-dlp -U"
2025-08-26 19:24:59,"‚ùå Error downloading video: [0;31mERROR:[0m [Instagram] DMsXjLbNHry: Instagram sent an empty media response. Check if this post is accessible in your browser without being logged-in. If it is not, then use --cookies-from-browser or --cookies for the authentication. See  https://github.com/yt-dlp/yt-dlp/wiki/FAQ#how-do-i-pass-cookies-to-yt-dlp  for how to manually pass cookies. Otherwise, if the post is accessible in browser without being logged-in, please report this issue on  https://github.com/yt-dlp/yt-dlp/issues?q= , filling out the appropriate issue template. Confirm you are on the latest version using  yt-dlp -U"
2025-08-26 19:26:05,üåê Hosting Flask app on http://10.8.0.61:5555
2025-08-26 19:26:10,‚è≥ Pending videos: 29 | Next post at 21:00 (93 mins)
2025-08-26 19:26:24,‚è≥ Unfollowing at: 21:00 | Remaining: 93 mins
2025-08-26 19:26:26,‚¨áÔ∏è Downloading video...
2025-08-26 19:26:30,"‚ùå Failed to download video from https://www.instagram.com/reel/DMsXjLbNHry/?igsh=aWw0MHY5aDAwNnAy: [0;31mERROR:[0m [Instagram] DMsXjLbNHry: Instagram sent an empty media response. Check if this post is accessible in your browser without being logged-in. If it is not, then use --cookies-from-browser or --cookies for the authentication. See  https://github.com/yt-dlp/yt-dlp/wiki/FAQ#how-do-i-pass-cookies-to-yt-dlp  for how to manually pass cookies. Otherwise, if the post is accessible in browser without being logged-in, please report this issue on  https://github.com/yt-dlp/yt-dlp/issues?q= , filling out the appropriate issue template. Confirm you are on the latest version using  yt-dlp -U"
2025-08-26 19:26:30,"‚ùå Error downloading video: [0;31mERROR:[0m [Instagram] DMsXjLbNHry: Instagram sent an empty media response. Check if this post is accessible in your browser without being logged-in. If it is not, then use --cookies-from-browser or --cookies for the authentication. See  https://github.com/yt-dlp/yt-dlp/wiki/FAQ#how-do-i-pass-cookies-to-yt-dlp  for how to manually pass cookies. Otherwise, if the post is accessible in browser without being logged-in, please report this issue on  https://github.com/yt-dlp/yt-dlp/issues?q= , filling out the appropriate issue template. Confirm you are on the latest version using  yt-dlp -U"
2025-08-26 19:27:33,üåê Hosting Flask app on http://10.8.0.61:5555
2025-08-26 19:27:38,‚è≥ Pending videos: 29 | Next post at 21:00 (92 mins)
2025-08-26 19:27:52,‚¨áÔ∏è Downloading video...
2025-08-26 19:27:52,‚è≥ Unfollowing at: 21:00 | Remaining: 92 mins
2025-08-26 19:27:55,‚¨áÔ∏è Downloaded video: mia.riivers - 1.mp4 from mia.riivers
2025-08-26 19:27:55,‚úÖ Video downloaded from mia.riivers
2025-08-26 20:42:32,üåê Hosting Flask app on http://192.168.100.19:5555
2025-08-26 20:42:37,‚è≥ Pending videos: 29 | Next post at 21:00 (17 mins)
2025-08-26 20:43:37,‚è≥ Pending videos: 29 | Next post at 21:00 (16 mins)
2025-08-26 20:44:37,‚è≥ Pending videos: 29 | Next post at 21:00 (15 mins)
2025-08-26 20:45:37,‚è≥ Pending videos: 29 | Next post at 21:00 (14 mins)
2025-08-26 20:46:37,‚è≥ Pending videos: 29 | Next post at 21:00 (13 mins)
2025-08-26 20:47:37,‚è≥ Pending videos: 29 | Next post at 21:00 (12 mins)
2025-08-26 20:48:37,‚è≥ Pending videos: 29 | Next post at 21:00 (11 mins)
2025-08-26 20:49:37,‚è≥ Pending videos: 29 | Next post at 21:00 (10 mins)
2025-08-26 20:50:37,‚è≥ Pending videos: 29 | Next post at 21:00 (9 mins)
2025-08-26 20:51:37,‚è≥ Pending videos: 29 | Next post at 21:00 (8 mins)
2025-08-26 20:52:01,üåê Hosting Flask app on http://10.8.0.61:5555
2025-08-26 20:52:06,‚è≥ Pending videos: 29 | Next post at 21:00 (7 mins)
2025-08-26 20:52:24,‚è≥ Unfollowing at: 21:00 | Remaining: 7 mins
2025-08-26 20:52:48,‚¨áÔ∏è Downloading video...
2025-08-26 20:52:52,‚¨áÔ∏è Downloaded video: luckylovvr - 3.mp4 from luckylovvr
2025-08-26 20:52:52,‚úÖ Video downloaded from luckylovvr
2025-08-26 20:53:06,‚è≥ Pending videos: 30 | Next post at 21:00 (6 mins)
2025-08-26 20:54:06,‚è≥ Pending videos: 30 | Next post at 21:00 (5 mins)
2025-08-26 20:55:06,‚è≥ Pending videos: 30 | Next post at 21:00 (4 mins)
2025-08-26 20:56:06,‚è≥ Pending videos: 30 | Next post at 21:00 (3 mins)
2025-08-26 20:57:06,‚è≥ Pending videos: 30 | Next post at 21:00 (2 mins)
2025-08-26 20:58:06,‚è≥ Pending videos: 30 | Next post at 21:00 (1 mins)
2025-08-26 20:59:06,‚è≥ Pending videos: 30 | Next post at 21:00 (0 mins)
2025-08-26 21:00:00,üöÄ Starting unfollow session at 21:00
2025-08-26 21:00:00,‚è≥ Pending videos: 30 | Next post at 21:00 (0 mins)
2025-08-26 21:00:00,"üìù Generated caption for instaposter/to_upload/gegnosoanna.mp4: My hands remember your every curve.
cr:instaposter/to_upload/gegnosoanna.mp4
#love #touch #romance"
2025-08-26 21:00:00,ü§ñ Uploading now: gegnosoanna.mp4
2025-08-26 21:00:02,‚úÖ Unfollowed 50027050257 | Remaining: 602
2025-08-26 21:00:40,‚úÖ Successfully posted gegnosoanna.mp4 to Instagram
2025-08-26 21:00:40,‚úÖ Posted and deleted gegnosoanna.mp4
2025-08-26 21:00:40,‚è≥ Pending videos: 29 | Next post at 00:00 (179 mins)
2025-08-26 21:01:04,‚úÖ Unfollowed 62790980578 | Remaining: 601
2025-08-26 21:01:40,‚è≥ Pending videos: 29 | Next post at 00:00 (178 mins)
2025-08-26 21:02:07,‚úÖ Unfollowed 44342196198 | Remaining: 600
2025-08-26 21:02:40,‚è≥ Pending videos: 29 | Next post at 00:00 (177 mins)
2025-08-26 21:03:09,‚úÖ Unfollowed 53077348732 | Remaining: 599
2025-08-26 21:03:40,‚è≥ Pending videos: 29 | Next post at 00:00 (176 mins)
2025-08-26 21:04:11,‚úÖ Unfollowed 65543895935 | Remaining: 598
2025-08-26 21:04:40,‚è≥ Pending videos: 29 | Next post at 00:00 (175 mins)
2025-08-26 21:05:13,‚úÖ Unfollowed 54116618784 | Remaining: 597
2025-08-26 21:05:40,‚è≥ Pending videos: 29 | Next post at 00:00 (174 mins)
2025-08-26 21:06:15,‚úÖ Unfollowed 63306838562 | Remaining: 596
2025-08-26 21:06:40,‚è≥ Pending videos: 29 | Next post at 00:00 (173 mins)
2025-08-26 21:07:18,‚úÖ Unfollowed 32208579533 | Remaining: 595
2025-08-26 21:07:40,‚è≥ Pending videos: 29 | Next post at 00:00 (172 mins)
2025-08-26 21:08:20,‚úÖ Unfollowed 58491533559 | Remaining: 594
2025-08-26 21:08:40,‚è≥ Pending videos: 29 | Next post at 00:00 (171 mins)
2025-08-26 21:09:22,‚úÖ Unfollowed 63198994701 | Remaining: 593
2025-08-26 21:09:40,‚è≥ Pending videos: 29 | Next post at 00:00 (170 mins)
2025-08-26 21:10:24,‚úÖ Unfollowed 62089533728 | Remaining: 592
2025-08-26 21:10:40,‚è≥ Pending videos: 29 | Next post at 00:00 (169 mins)
2025-08-26 21:11:26,‚úÖ Unfollowed 59314058233 | Remaining: 591
2025-08-26 21:11:40,‚è≥ Pending videos: 29 | Next post at 00:00 (168 mins)
2025-08-26 21:12:29,‚úÖ Unfollowed 4819533399 | Remaining: 590
2025-08-26 21:12:40,‚è≥ Pending videos: 29 | Next post at 00:00 (167 mins)
2025-08-26 21:13:31,‚úÖ Unfollowed 53156717404 | Remaining: 589
2025-08-26 21:13:41,‚è≥ Pending videos: 29 | Next post at 00:00 (166 mins)
2025-08-26 21:14:34,‚úÖ Unfollowed 1574487878 | Remaining: 588
2025-08-26 21:14:41,‚è≥ Pending videos: 29 | Next post at 00:00 (165 mins)
2025-08-26 21:15:36,‚úÖ Unfollowed 39603625388 | Remaining: 587
2025-08-26 21:15:41,‚è≥ Pending videos: 29 | Next post at 00:00 (164 mins)
2025-08-26 21:16:38,‚úÖ Unfollowed 56368107331 | Remaining: 586
2025-08-26 21:16:41,‚è≥ Pending videos: 29 | Next post at 00:00 (163 mins)
2025-08-26 21:17:40,‚úÖ Unfollowed 50676788646 | Remaining: 585
2025-08-26 21:17:41,‚è≥ Pending videos: 29 | Next post at 00:00 (162 mins)
2025-08-26 21:18:41,‚è≥ Pending videos: 29 | Next post at 00:00 (161 mins)
2025-08-26 21:18:42,‚úÖ Unfollowed 55037883071 | Remaining: 584
2025-08-26 21:19:41,‚è≥ Pending videos: 29 | Next post at 00:00 (160 mins)
2025-08-26 21:19:44,‚úÖ Unfollowed 11220594488 | Remaining: 583
2025-08-26 21:20:41,‚è≥ Pending videos: 29 | Next post at 00:00 (159 mins)
2025-08-26 21:20:46,‚úÖ Unfollowed 48692998894 | Remaining: 582
2025-08-26 21:21:41,‚è≥ Pending videos: 29 | Next post at 00:00 (158 mins)
2025-08-26 21:21:49,‚úÖ Unfollowed 38164780128 | Remaining: 581
